Question 1

MariaDB [flight_game]> select name
    -> from country
    -> where iso_country in(
    -> select iso_country
    -> from airport
    -> where name like "%Satsuma%"
    -> );
+-------+
| name  |
+-------+
| Japan |
+-------+
1 row in set (0.036 sec)


Question 2
MariaDB [flight_game]> select name
    -> from airport where
    -> iso_country in(
    -> select iso_country
    -> from country
    -> where name = "Monaco"
    -> );
+----------------------------------+
| name                             |
+----------------------------------+
| Monaco Heliport                  |
| Terre-Plein du Larvotto Heliport |
| Princess Grace Hospital Helipad  |
+----------------------------------+
3 rows in set (0.043 sec)


Question 3
MariaDB [flight_game]> select screen_name
    -> from game
    -> where id in (
    -> select game_id
    -> from goal_reached
    -> where goal_id in(
    -> select id
    -> from goal
    -> where name = "CLOUDS"
    -> )
    -> );
+-------------+
| screen_name |
+-------------+
| Heini       |
| Ilkka       |
+-------------+
2 rows in set (0.009 sec)


Question 4
MariaDB [flight_game]> select country.name
    -> from country
    -> where iso_country not in
    -> (select airport.iso_country
    -> from airport);
+-------------------------------+
| name                          |
+-------------------------------+
| Pitcairn                      |
| Tokelau                       |
| Unknown or unassigned country |
+-------------------------------+
3 rows in set (0.049 sec)


Question 5

MariaDB [flight_game]> select name
    -> from goal
    -> where id not in(
    -> select goal.id
    -> from goal, goal_reached, game
    -> where game.id = game_id and goal.id = goal_id and screen_name = "Heini"
    -> );
+-------+
| name  |
+-------+
| HOT   |
| COLD  |
| 0DEG  |
| 20DEG |
| CLEAR |
| WINDY |
+-------+
6 rows in set (0.011 sec)
