Question 1
MariaDB [flight_game]> select max(elevation_ft) from airport;
+-------------------+
| max(elevation_ft) |
+-------------------+
|             22000 |
+-------------------+
1 row in set (0.023 sec)


Question 2
MariaDB [flight_game]> select continent, count(*)
    -> from country
    -> group by continent;
+-----------+----------+
| continent | count(*) |
+-----------+----------+
| AF        |       59 |
| AN        |        3 |
| AS        |       54 |
| EU        |       50 |
| NA        |       41 |
| OC        |       27 |
| SA        |       14 |
+-----------+----------+
7 rows in set (0.002 sec)


Question 3
MariaDB [flight_game]> select screen_name, count(*)
    -> from game, goal_reached
    -> where id = game_id
    -> group by screen_name;
+-------------+----------+
| screen_name | count(*) |
+-------------+----------+
| Heini       |        2 |
| Ilkka       |        1 |
| Vesa        |        1 |
+-------------+----------+
3 rows in set (0.002 sec)

Question 4
MariaDB [flight_game]> select screen_name
    -> from game
    -> where co2_consumed in(
    -> select min(co2_consumed)
    -> from game);
+-------------+
| screen_name |
+-------------+
| Heini       |
+-------------+
1 row in set (0.005 sec)


Question 5

MariaDB [flight_game]> select country.name, count(*)
    -> from airport, country
    -> where airport.iso_country = country.iso_country
    -> group by country.iso_country
    -> order by count(*) desc
    -> limit 50;
+----------------------+----------+
| name                 | count(*) |
+----------------------+----------+
| United States        |    28685 |
| Brazil               |     6132 |
| Japan                |     3110 |
| Canada               |     2878 |
| Australia            |     2242 |
| Mexico               |     2089 |
| Russia               |     1416 |
| South Korea          |     1393 |
| United Kingdom       |     1346 |
| Germany              |      977 |
| France               |      964 |
| Argentina            |      937 |
| Italy                |      829 |
| Colombia             |      714 |
| Papua New Guinea     |      601 |
50 rows in set (0.039 sec)

Question 6
MariaDB [flight_game]> select country.name
    -> from airport, country
    -> where airport.iso_country = country.iso_country
    -> group by country.iso_country
    -> having count(*) > 1000;
+----------------+
| name           |
+----------------+
| Australia      |
| Brazil         |
| Canada         |
| United Kingdom |
| Japan          |
| South Korea    |
| Mexico         |
| Russia         |
| United States  |
+----------------+
9 rows in set (0.032 sec)


Question 7
MariaDB [flight_game]> select name
    -> from airport
    -> where elevation_ft in (
    -> select max(elevation_ft)
    -> from airport);
+-----------------------------+
| name                        |
+-----------------------------+
| Siachen Glacier AFS Airport |
+-----------------------------+
1 row in set (0.043 sec)


Question 8
MariaDB [flight_game]> select name
    -> from country
    -> where iso_country in (
    -> select iso_country
    -> from airport
    -> where elevation_ft in(
    -> select max(elevation_ft)
    -> from airport));
+-------+
| name  |
+-------+
| India |
+-------+
1 row in set (0.052 sec)


Question 9

MariaDB [flight_game]> select count(*)
    -> from game, goal_reached
    -> where id = game_id and screen_name = "Vesa"
    -> group by screen_name;
+----------+
| count(*) |
+----------+
|        1 |
+----------+
1 row in set (0.001 sec)


Question 10

MariaDB [flight_game]> select name
    -> from airport
    -> where latitude_deg in(
    -> select min(latitude_deg)
    -> from airport);
+----------------------------+
| name                       |
+----------------------------+
| South Pole Station Airport |
+----------------------------+
1 row in set (0.052 sec)


EXERCISES 7

Question 1
MariaDB [flight_game]> update game
    -> set  location = (select ident from airport where name = "Nottingham Airport"), co2_consumed = co2_consumed+500
    -> where screen_name = "Vesa";
Query OK, 1 row affected (0.059 sec)
Rows matched: 1  Changed: 1  Warnings: 0

MariaDB [flight_game]>
MariaDB [flight_game]> select * from game;
+----+--------------+------------+----------+-------------+
| id | co2_consumed | co2_budget | location | screen_name |
+----+--------------+------------+----------+-------------+
| 1  |         2000 |      10000 | EFHK     | Heini       |
| 2  |         3500 |      10000 | EGBN     | Vesa        |
| 3  |         8000 |      10000 | EGKK     | Ilkka       |
+----+--------------+------------+----------+-------------+
3 rows in set (0.001 sec)

Question 2
goal_reached

Question 3
MariaDB [flight_game]> delete from goal_reached;
Query OK, 4 rows affected (0.006 sec)

MariaDB [flight_game]> select * from goal_reached;
Empty set (0.001 sec)


Question 4
MariaDB [flight_game]> delete from game;
Query OK, 3 rows affected (0.003 sec)

MariaDB [flight_game]> select * from game;
Empty set (0.001 sec)
